{
  "crop_acc": 0.955906432748538,
  "crop_top3": 0.9990643274853801,
  "water_acc": 0.8332163742690059,
  "harvest_mae": 0.35873314586996335,
  "harvest_rmse": 0.47503525467520075,
  "cropdur_mae": 11.45393686680487,
  "cropdur_rmse": 16.937971573539848
}