{
  "crop_duration_loss": [
    2523.798828125,
    1058.2242431640625,
    808.1417236328125,
    672.9337768554688,
    579.5775146484375,
    528.9927368164062,
    491.4323425292969,
    467.70989990234375,
    447.397705078125,
    425.5570068359375,
    411.10675048828125,
    392.0396728515625,
    380.9128723144531,
    368.810302734375,
    359.6241455078125,
    352.614990234375,
    342.3529968261719,
    333.4403991699219,
    326.83447265625,
    316.9417724609375,
    315.1112976074219,
    312.957275390625,
    304.9847412109375,
    301.3231506347656,
    292.6374206542969,
    289.32891845703125,
    281.93701171875,
    278.2587585449219,
    272.67742919921875,
    271.84344482421875,
    269.6964111328125,
    264.71197509765625,
    261.7925720214844
  ],
  "crop_logits_acc": [
    0.039422083646059036,
    0.14220845699310303,
    0.2715376615524292,
    0.37836945056915283,
    0.46088752150535583,
    0.5182662606239319,
    0.5603715181350708,
    0.5853457450866699,
    0.609556257724762,
    0.6275128722190857,
    0.650010347366333,
    0.6634055972099304,
    0.6739112734794617,
    0.685903012752533,
    0.6966976523399353,
    0.7029308676719666,
    0.7183901071548462,
    0.7278018593788147,
    0.7327760457992554,
    0.7461300492286682,
    0.7496594190597534,
    0.751661479473114,
    0.7605159878730774,
    0.7646026611328125,
    0.7694942951202393,
    0.7740763425827026,
    0.7782662510871887,
    0.7823116779327393,
    0.7854489088058472,
    0.7854076623916626,
    0.7904230952262878,
    0.7918885350227356,
    0.798699676990509
  ],
  "crop_logits_loss": [
    5.512575626373291,
    3.4196062088012695,
    2.5677714347839355,
    2.047957420349121,
    1.7249928712844849,
    1.5047818422317505,
    1.3587967157363892,
    1.2701970338821411,
    1.1816987991333008,
    1.1091424226760864,
    1.0463473796844482,
    1.0061132907867432,
    0.9585814476013184,
    0.9264544248580933,
    0.8939457535743713,
    0.8678284287452698,
    0.8215781450271606,
    0.7990692257881165,
    0.7769473195075989,
    0.7419938445091248,
    0.7213804125785828,
    0.7120623588562012,
    0.6902874112129211,
    0.6737657785415649,
    0.6626535058021545,
    0.6512384414672852,
    0.6386261582374573,
    0.6254909634590149,
    0.6209865212440491,
    0.6094460487365723,
    0.6037294864654541,
    0.5929226279258728,
    0.5721403956413269
  ],
  "harvested_loss": [
    28.5234375,
    6.161280155181885,
    4.551478862762451,
    3.7939891815185547,
    3.4517552852630615,
    3.12602162361145,
    2.829766273498535,
    2.657411813735962,
    2.4736239910125732,
    2.3210976123809814,
    2.234299421310425,
    2.163304090499878,
    2.1065611839294434,
    2.0813848972320557,
    2.0519704818725586,
    2.061123847961426,
    2.0644497871398926,
    2.007473945617676,
    1.9690390825271606,
    1.9412190914154053,
    1.9557126760482788,
    1.974130630493164,
    1.919755458831787,
    1.8910765647888184,
    1.8699969053268433,
    1.8260531425476074,
    1.8026950359344482,
    1.7518483400344849,
    1.746171474456787,
    1.7268153429031372,
    1.7003151178359985,
    1.6570782661437988,
    1.5825388431549072
  ],
  "loss": [
    1283.3734130859375,
    536.5658569335938,
    409.7073669433594,
    341.1216735839844,
    293.87811279296875,
    268.19427490234375,
    249.13182067871094,
    237.11599731445312,
    226.75062561035156,
    215.6781463623047,
    208.3633270263672,
    198.74813842773438,
    193.0247039794922,
    186.9617156982422,
    182.36441040039062,
    178.801025390625,
    173.60568237304688,
    169.14645385742188,
    165.7982635498047,
    160.80361938476562,
    159.83737182617188,
    158.78919982910156,
    154.75503540039062,
    152.88414001464844,
    148.525146484375,
    146.84808349609375,
    143.08998107910156,
    141.21495056152344,
    138.41549682617188,
    137.99359130859375,
    136.8831787109375,
    134.3852081298828,
    132.83811950683594
  ],
  "val_crop_duration_loss": [
    1350.5303955078125,
    802.6405639648438,
    659.1107177734375,
    508.0420837402344,
    438.06494140625,
    400.1974792480469,
    373.5569763183594,
    357.3226013183594,
    343.7807922363281,
    324.5709533691406,
    313.7120666503906,
    307.3770751953125,
    285.4798583984375,
    282.7527770996094,
    286.6199035644531,
    271.78814697265625,
    266.59063720703125,
    260.2284851074219,
    250.66207885742188,
    259.0419921875,
    262.0491027832031,
    254.63360595703125,
    245.7713623046875,
    246.7449493408203,
    247.58993530273438,
    256.2118835449219,
    261.3074035644531,
    256.5690612792969,
    259.1202087402344,
    272.24896240234375,
    247.49490356445312,
    288.5231018066406,
    278.6952209472656
  ],
  "val_crop_logits_acc": [
    0.11403508484363556,
    0.3412865400314331,
    0.4932163655757904,
    0.5861988067626953,
    0.6493567228317261,
    0.6750876903533936,
    0.726432740688324,
    0.7312280535697937,
    0.7396491169929504,
    0.7622222304344177,
    0.776257336139679,
    0.7842105031013489,
    0.8065497279167175,
    0.8001169562339783,
    0.8253801465034485,
    0.8306432962417603,
    0.8238596320152283,
    0.8392982482910156,
    0.847953200340271,
    0.8201169371604919,
    0.8298245668411255,
    0.8453801274299622,
    0.8494736552238464,
    0.8619883060455322,
    0.8574268817901611,
    0.8562573194503784,
    0.8647953271865845,
    0.8533333539962769,
    0.8694736957550049,
    0.8688889145851135,
    0.8693567514419556,
    0.8664327263832092,
    0.8785964846611023
  ],
  "val_crop_logits_loss": [
    3.5365896224975586,
    2.4768855571746826,
    1.8824963569641113,
    1.4759554862976074,
    1.1979920864105225,
    1.0621447563171387,
    0.9079211950302124,
    0.8656543493270874,
    0.8130040168762207,
    0.7363874912261963,
    0.696691632270813,
    0.6511065363883972,
    0.6170282363891602,
    0.5972996354103088,
    0.542259931564331,
    0.5131886005401611,
    0.5171087980270386,
    0.4844646155834198,
    0.4600057005882263,
    0.5039908289909363,
    0.48551666736602783,
    0.45010823011398315,
    0.44057971239089966,
    0.41598039865493774,
    0.4257436692714691,
    0.41744187474250793,
    0.41066595911979675,
    0.4246865510940552,
    0.4060605466365814,
    0.3944661617279053,
    0.40516236424446106,
    0.40725380182266235,
    0.3713451623916626
  ],
  "val_harvested_loss": [
    5.228391170501709,
    4.0905256271362305,
    3.2147443294525146,
    2.7278478145599365,
    2.390127182006836,
    2.0441372394561768,
    1.8836357593536377,
    1.745676875114441,
    1.5845468044281006,
    1.448277473449707,
    1.4137893915176392,
    1.3827604055404663,
    1.3339850902557373,
    1.3572105169296265,
    1.363603949546814,
    1.3504432439804077,
    1.2918343544006348,
    1.402153730392456,
    1.3297349214553833,
    1.3063571453094482,
    1.3708475828170776,
    1.3217148780822754,
    1.3445725440979004,
    1.2863101959228516,
    1.1874769926071167,
    1.241478681564331,
    1.2340681552886963,
    1.1335028409957886,
    1.1621290445327759,
    1.2143570184707642,
    1.1367441415786743,
    1.114238977432251,
    1.213943600654602
  ],