{
  "numeric": {
    "N": {
      "mean": 81.28601444788441,
      "std": 33.8332273288227,
      "min": 20.0,
      "max": 199.9,
      "hist_bins": 50,
      "hist_counts": [
        461,
        486,
        797,
        2040,
        2101,
        1676,
        1025,
        1028,
        1109,
        1194,
        1241,
        1840,
        1864,
        1932,
        1951,
        1942,
        1918,
        2205,
        2213,
        2197,
        2167,
        2183,
        1413,
        1174,
        1178,
        1125,
        1251,
        1074,
        520,
        541,
        548,
        533,
        503,
        555,
        574,
        531,
        172,
        113,
        145,
        114,
        116,
        90,
        103,
        107,
        89,
        60,
        64,
        68,
        64,
        55
      ],
      "hist_edges": [
        20.0,
        23.598,
        27.196,
        30.794,
        34.392,
        37.99,
        41.588,
        45.18600000000001,
        48.784000000000006,
        52.382000000000005,
        55.980000000000004,
        59.578,
        63.176,
        66.774,
        70.37200000000001,
        73.97,
        77.56800000000001,
        81.166,
        84.76400000000001,
        88.36200000000001,
        91.96000000000001,
        95.558,
        99.156,
        102.754,
        106.352,
        109.95,
        113.548,
        117.14600000000002,
        120.74400000000001,
        124.34200000000001,
        127.94000000000001,
        131.538,
        135.13600000000002,
        138.734,
        142.332,
        145.93,
        149.52800000000002,
        153.126,
        156.72400000000002,
        160.322,
        163.92000000000002,
        167.518,
        171.116,
        174.71400000000003,
        178.312,
        181.91000000000003,
        185.508,
        189.10600000000002,
        192.704,
        196.30200000000002,
        199.9
      ]
    },
    "P": {
      "mean": 48.202140350877194,
      "std": 17.158879571629267,
      "min": 20.0,
      "max": 100.0,
      "hist_bins": 50,
      "hist_counts": [
        1405,
        1488,
        1472,
        1555,
        1468,
        1529,
        1113,
        819,
        946,
        910,
        867,
        849,
        1366,
        2036,
        1890,
        1934,
        1946,
        1964,
        2079,
        1745,
        1787,
        1853,
        1991,
        1869,
        1775,
        654,
        633,
        681,
        589,
        602,
        618,
        600,
        667,
        607,
        653,
        598,
        604,
        415,
        170,
        185,
        208,
        181,
        175,
        154,
        136,
        133,
        142,
        138,
        133,
        118
      ],
      "hist_edges": [
        20.0,
        21.6,
        23.2,
        24.8,
        26.4,
        28.0,
        29.6,
        31.200000000000003,
        32.8,
        34.4,
        36.0,
        37.6,
        39.2,
        40.8,
        42.400000000000006,
        44.0,
        45.6,
        47.2,
        48.8,
        50.400000000000006,
        52.0,
        53.6,
        55.2,
        56.800000000000004,
        58.400000000000006,
        60.0,
        61.6,
        63.2,
        64.80000000000001,
        66.4,
        68.0,
        69.6,
        71.2,
        72.80000000000001,
        74.4,
        76.0,
        77.6,
        79.2,
        80.80000000000001,
        82.4,
        84.0,
        85.60000000000001,
        87.2,
        88.8,
        90.4,
        92.0,
        93.60000000000001,
        95.2,
        96.80000000000001,
        98.4,
        100.0
      ]
    },
    "K": {
      "mean": 56.59762435500516,
      "std": 27.409508619772144,
      "min": 20.0,
      "max": 149.9,
      "hist_bins": 50,
      "hist_counts": [
        2339,
        2426,
        2468,
        2292,
        1463,
        1464,
        1377,
        1766,
        2254,
        2322,
        2257,
        2339,
        2192,
        2287,
        2152,
        1262,
        709,
        690,
        713,
        671,
        721,
        620,
        736,
        872,
        922,
        990,
        955,
        845,
        888,
        867,
        793,
        359,
        436,
        400,
        422,
        374,
        378,
        393,
        234,
        81,
        73,
        88,
        73,
        79,
        59,
        86,
        63,
        69,
        66,
        65
      ],
      "hist_edges": [
        20.0,
        22.598,
        25.196,
        27.794,
        30.392000000000003,
        32.99,
        35.588,
        38.18600000000001,
        40.784000000000006,
        43.382000000000005,
        45.980000000000004,
        48.578,
        51.176,
        53.774,
        56.37200000000001,
        58.970000000000006,
        61.568000000000005,
        64.166,
        66.76400000000001,
        69.36200000000001,
        71.96000000000001,
        74.558,
        77.156,
        79.754,
        82.352,
        84.95,
        87.548,
        90.14600000000002,
        92.74400000000001,
        95.34200000000001,
        97.94000000000001,
        100.53800000000001,
        103.13600000000001,
        105.73400000000001,
        108.33200000000001,
        110.93,
        113.528,
        116.126,
        118.72400000000002,
        121.32200000000002,
        123.92000000000002,
        126.51800000000001,
        129.116,
        131.714,
        134.312,
        136.91000000000003,
        139.508,
        142.106,
        144.704,
        147.30200000000002,
        149.9
      ]
    },
    "SOWN": {
      "mean": 7.07907120743034,
      "std": 2.639659726500688,
      "min": 3.0,
      "max": 12.0,
      "hist_bins": 50,
      "hist_counts": [
        3897,
        0,
        0,
        0,
        0,
        3925,
        0,
        0,
        0,
        0,
        0,
        3909,
        0,
        0,
        0,
        0,
        11997,
        0,
        0,
        0,
        0,
        0,
        11972,
        0,
        0,
        0,
        0,
        0,
        0,
        0,
        0,
        0,
        0,
        0,
        0,
        0,
        0,
        0,
        4251,
        0,
        0,
        0,
        0,
        0,
        4239,
        0,
        0,
        0,
        0,
        4260
      ],
      "hist_edges": [
        3.0,
        3.18,
        3.36,
        3.54,
        3.7199999999999998,
        3.9,
        4.08,
        4.26,
        4.4399999999999995,
        4.62,
        4.8,
        4.98,
        5.16,
        5.34,
        5.52,
        5.699999999999999,
        5.88,
        6.0600000000000005,
        6.24,
        6.42,
        6.6,
        6.779999999999999,
        6.96,
        7.14,
        7.32,
        7.5,
        7.68,
        7.859999999999999,
        8.04,
        8.219999999999999,
        8.399999999999999,
        8.58,
        8.76,
        8.94,
        9.120000000000001,
        9.3,
        9.48,
        9.66,
        9.84,
        10.02,
        10.2,
        10.379999999999999,
        10.559999999999999,
        10.739999999999998,
        10.92,
        11.1,
        11.28,
        11.459999999999999,
        11.64,
        11.82,
        12.0
      ]
    },
    "SOIL_PH": {
      "mean": 6.62304024767802,
      "std": 0.6500350101156063,
      "min": 5.0,
      "max": 9.0,
      "hist_bins": 50,